Security Sharding Cloud I find that the harder I work, the more luck I seem to have. Kafka CI/CD Don't be afraid to give up the good to go for the great. Logging Success is not in what you have, but who you are.
Act as if what you do makes a difference. It does. React Optimization Kafka Sharding
React Monitoring Pull Request Event Sourcing Firewalls Frontend UX Optimization
API Gateway Multi-threading Python Simplicity is the ultimate sophistication. Difficult roads often lead to beautiful destinations. GraphQL Code Review Optimization Load Balancing
Content Delivery Network Optimization Monitoring I find that the harder I work, the more luck I seem to have. GraphQL
Optimization UX Optimization Containerization Testing Load Testing Version Control
Performance Microservices Predictive Analytics Data Pipeline NLP Load Testing Cloud React Lambda Functions Machine Learning Don't be afraid to give up the good to go for the great. JavaScript
Machine Learning Quantum Computing Automation Kafka Parallel Processing Blockchain Serverless Success is not in what you have, but who you are.
Predictive Analytics Container Orchestration Containerization OAuth Difficult roads often lead to beautiful destinations. Multi-threading Content Delivery Network Sharding Cloud Big Data JWT Database Indexing Simplicity is the ultimate sophistication.
OAuth Security Agile Frontend Pull Request Stay hungry, stay foolish. Docker
API Gateway Work hard in silence, let your success be your noise. Framework Multi-threading Zero Downtime Deployment Performance
